﻿Name;Größe;Vorname;Nachname;Downloads;Datum;Pfad
01_RingBuffer.zip;4442;Thomas;Röfer;351;"02.04.2024 16:15";01_RingBuffer.zip
02_Node.zip;2444;Thomas;Röfer;174;"09.04.2024 16:30";02_Node.zip
03_Fibonacci.zip;2112;Thomas;Röfer;130;"16.04.2024 16:07";03_Fibonacci.zip
04_Algorithmen.zip;2388;Thomas;Röfer;120;"23.04.2024 16:47";04_Algorithmen.zip
04_Hanoi.zip;3153;Thomas;Röfer;113;"23.04.2024 16:47";04_Hanoi.zip
04_Queens.zip;2720;Thomas;Röfer;156;"23.04.2024 16:47";04_Queens.zip
04_Rucksack.zip;2896;Thomas;Röfer;125;"23.04.2024 16:47";04_Rucksack.zip
05_ADTs.zip;9311;Thomas;Röfer;105;"30.04.2024 16:02";05_ADTs.zip
06_Search.zip;3322;Thomas;Röfer;98;"07.05.2024 15:56";06_Search.zip
07_Sort.zip;6613;Thomas;Röfer;170;"14.05.2024 16:10";07_Sort.zip
09_Tree.zip;13689;Thomas;Röfer;131;"28.05.2024 16:05";09_Tree.zip
14_Korrektheit.zip;2764;Thomas;Röfer;42;"02.07.2024 16:01";14_Korrektheit.zip
